,sample_1,sample_2,sample_3,sample_4
Escherichia_coli,1249.6910646387832,0.325,3449.761283798169,566.8590091813313
Bacteroides_fragilis,889.7800380228136,1559.521020311762,233.9838088141367,0.32499999999999996
Lactobacillus_acidophilus,0.32499999999999996,233.9281530467643,566.9607675111773,1233.6931522570774
Clostridium_difficile,44.98887832699619,0.325,122.99148924845646,233.94181331293038
Enterococcus_faecalis,319.9209125475285,88.97267359470949,0.325,455.886610558531
Staphylococcus_aureus,0.32499999999999996,155.9521020311762,88.99384181392378,0.32499999999999996
Pseudomonas_aeruginosa,124.96910646387832,77.9760510155881,233.9838088141367,122.96941469013007
