,sample_1_counts,sample_1_absolute,sample_1_lower_95ci,sample_1_upper_95ci,sample_2_counts,sample_2_absolute,sample_2_lower_95ci,sample_2_upper_95ci,sample_3_counts,sample_3_absolute,sample_3_lower_95ci,sample_3_upper_95ci
taxa_1,0.0,0.0,147216120.93422213,27847372019.639484,2.0,437648028009.4738,0.0,1094120070023.6846,100.0,35398002265472.15,28663532334466.074,42486452219132.94
taxa_2,5.0,412609341475.491,82521868295.0982,825218682950.982,0.0,0.0,529991552.0097076,79205256620.49544,4.0,1415920090618.886,353980022654.7215,2831840181237.772
taxa_3,2.0,165043736590.1964,0.0,412609341475.491,10.0,2188240140047.3691,875296056018.9476,3506654824425.904,0.0,0.0,791632247.7298294,133676153913.37057
